epoch,dice_coef,iou,loss,lr,precision,recall,val_dice_coef,val_iou,val_loss,val_precision,val_recall
0,0.715944766998291,0.600369930267334,0.5787327885627747,0.001,0.6765344142913818,0.7908667325973511,0.028752820566296577,0.014586105942726135,0.9797484874725342,0.015029647387564182,0.9618471264839172
1,0.8749859929084778,0.7779911756515503,0.17233239114284515,0.001,0.9360663890838623,0.8183084726333618,0.05063673481345177,0.025976037606596947,0.9666380882263184,0.03862458094954491,0.30539461970329285
2,0.8812600374221802,0.7880085706710815,0.12266629934310913,0.001,0.9443689584732056,0.8251603245735168,0.3494529724121094,0.21171948313713074,0.6302821636199951,0.769300639629364,0.21810223162174225
3,0.886095404624939,0.7957695722579956,0.10790252685546875,0.001,0.946160614490509,0.8345529437065125,0.8098658323287964,0.6804827451705933,0.18210190534591675,0.9114355444908142,0.7234453558921814
4,0.8862778544425964,0.7959908246994019,0.10329321771860123,0.001,0.9470525979995728,0.8327495455741882,0.8794492483139038,0.7848366498947144,0.11125814914703369,0.9320017695426941,0.8270460367202759
5,0.8916523456573486,0.8047091364860535,0.09585399925708771,0.001,0.9474897384643555,0.8444823026657104,0.8835493922233582,0.7913913726806641,0.10199826955795288,0.9384973645210266,0.8303935527801514
6,0.8917179703712463,0.8048803210258484,0.09445233643054962,0.001,0.9485161304473877,0.8442198634147644,0.8769038915634155,0.7807915210723877,0.09970849752426147,0.9520388841629028,0.8076048493385315
7,0.8915778994560242,0.804754376411438,0.09376923739910126,0.001,0.9492712020874023,0.8455548882484436,0.839492917060852,0.7233846187591553,0.11689645051956177,0.9732469916343689,0.7291103601455688
8,0.8929426670074463,0.8069167137145996,0.0920514389872551,0.001,0.9496551752090454,0.8483017086982727,0.8819581866264343,0.7888418436050415,0.09559643268585205,0.9525810480117798,0.8173039555549622
9,0.8965362906455994,0.8127157688140869,0.0883125588297844,0.001,0.9503700733184814,0.8539261817932129,0.8914201855659485,0.804110050201416,0.09675347805023193,0.9310328960418701,0.8533968329429626
10,0.8925547003746033,0.8062289953231812,0.09112212061882019,0.001,0.9491528272628784,0.8466132283210754,0.879593551158905,0.7850664854049683,0.10414779186248779,0.9406446814537048,0.8215956687927246
11,0.8976649641990662,0.8145892024040222,0.0863688588142395,0.001,0.9515324234962463,0.8555585741996765,0.883181631565094,0.790801465511322,0.09536409378051758,0.9479403495788574,0.8236556649208069
12,0.899845540523529,0.818115770816803,0.08432964235544205,0.001,0.953090488910675,0.856333315372467,0.8646566867828369,0.7615816593170166,0.10033458471298218,0.963799238204956,0.7803956866264343
13,0.8975473046302795,0.8144075274467468,0.08558712154626846,0.001,0.9529345035552979,0.8535036444664001,0.8809130191802979,0.7871711850166321,0.09542036056518555,0.9492284655570984,0.8184198141098022
14,0.9023134112358093,0.8222547173500061,0.08152545243501663,0.001,0.9540981650352478,0.8614060878753662,0.8672766089439392,0.7656561732292175,0.09957140684127808,0.9610055685043335,0.7858461141586304
15,0.905471682548523,0.8274813294410706,0.07870001345872879,0.001,0.9556066393852234,0.8652185201644897,0.8805086016654968,0.7865256071090698,0.0952833890914917,0.9485740065574646,0.8193210363388062
16,0.9075230956077576,0.8309303522109985,0.07665347307920456,0.001,0.9564159512519836,0.8682306408882141,0.8848769664764404,0.7935240864753723,0.09263628721237183,0.947040319442749,0.8280760645866394
17,0.9071299433708191,0.8302716612815857,0.07693502306938171,0.001,0.9566596746444702,0.8681612014770508,0.8676196932792664,0.7661910653114319,0.10245215892791748,0.949948787689209,0.7958027720451355
18,0.908737301826477,0.8329711556434631,0.07545763999223709,0.001,0.957512378692627,0.8700942397117615,0.8898731470108032,0.80159592628479,0.09580522775650024,0.9319539070129395,0.850521445274353
19,0.9105151295661926,0.8359253406524658,0.07354672253131866,0.001,0.958869457244873,0.8716344237327576,0.8879141211509705,0.7984222769737244,0.09987664222717285,0.9252771735191345,0.8524097800254822
