epoch,loss,lr,mean_iou,val_loss,val_mean_iou
0,0.24204885959625244,0.0006,0.5091940632937259,7.918389320373535,0.014682210464998641
1,0.04731594771146774,0.0006,0.6981363229991406,1598.8922119140625,0.011807941734571649
2,0.03687393665313721,0.0006,0.749399102827064,21.197256088256836,0.1659297545660305
3,0.032432880252599716,0.0006,0.7812700908739517,1.1048860549926758,0.22718802307192634
4,0.02969491295516491,0.0006,0.7923696785403004,0.14812952280044556,0.7038360373780661
5,0.028349613770842552,0.0006,0.8005650766779489,0.06999094784259796,0.7510919664211263
6,0.027157098054885864,0.0006,0.8056329067717106,0.02836386300623417,0.8113834521673555
7,0.026723254472017288,0.0006,0.8182282504399142,0.025260554626584053,0.8262558799445069
8,0.02493095211684704,0.0006,0.8219148648682857,0.023885084316134453,0.8373165424244936
9,0.023436425253748894,0.0006,0.8310096190086612,0.024631448090076447,0.8311864686728518
10,0.022458089515566826,0.0006,0.8363634961294314,0.021724145859479904,0.8439559774157243
11,0.021551914513111115,0.0006,0.8409120051369493,0.021157581359148026,0.8436501023505769
12,0.021637506783008575,0.0006,0.8409566944760994,0.02171223610639572,0.8475955558421517
13,0.020443860441446304,0.0006,0.8484137912274272,0.02288356050848961,0.8454837747239357
14,0.020612213760614395,0.0006,0.8468151572773919,0.019353412091732025,0.8449876279951889
15,0.022699981927871704,0.0006,0.8342564561929983,0.02305005118250847,0.8492034022103961
16,0.021536603569984436,0.0006,0.8420173920314966,0.02774232253432274,0.8364404174679423
17,0.02048698253929615,0.0006,0.8477166475112139,0.019435252994298935,0.8387537024374936
18,0.020626623183488846,0.0006,0.8454935707458028,0.01938604936003685,0.8384579755465796
19,0.020572958514094353,0.0003,0.8452545335651426,0.020357761532068253,0.8255319449364731
20,0.01989336498081684,0.0003,0.8493774167285926,0.018376464024186134,0.8573959057849707
21,0.018892349675297737,0.0003,0.8579714296303738,0.01826436258852482,0.8585704280781942
22,0.019008170813322067,0.0003,0.8553569244757236,0.018902326002717018,0.8566764739108724
23,0.01867709495127201,0.0003,0.8586758334964303,0.01838751696050167,0.8566455799883514
24,0.018436618149280548,0.0003,0.8586221453232902,0.019602103158831596,0.8547547291592406
25,0.01823052577674389,0.0003,0.8604411358869174,0.02031860314309597,0.8524085268918339
26,0.018867002800107002,0.00015,0.8572458275389012,0.017796315252780914,0.8572653367777404
27,0.017721738666296005,0.00015,0.8648369424094337,0.01769183576107025,0.8582982643013333
28,0.01784476637840271,0.00015,0.8632589420987735,0.017583157867193222,0.8597846943587042
29,0.017662623897194862,0.00015,0.8649039734512126,0.01790076680481434,0.8602848624874998
30,0.017323225736618042,0.00015,0.8659851998141899,0.017824873328208923,0.859930042979984
31,0.0176919624209404,0.00015,0.8649671052795602,0.01770908199250698,0.8596954734660688
32,0.01687941700220108,0.00015,0.870207610536116,0.01813409850001335,0.8581258595824822
33,0.017104145139455795,7.5e-05,0.8673298925952351,0.017621798440814018,0.858736080562519
34,0.017462465912103653,7.5e-05,0.8656982478547124,0.017350589856505394,0.8581187045013673
35,0.016932833939790726,7.5e-05,0.8692501793798447,0.018015459179878235,0.859840492004473
36,0.016539786010980606,7.5e-05,0.871648616422058,0.017415564507246017,0.858488417845981
37,0.016674617305397987,7.5e-05,0.870543241227895,0.017426032572984695,0.8604730710478514
38,0.01699802652001381,7.5e-05,0.8682579992119784,0.017801621928811073,0.8594657293502742
39,0.016622774302959442,3.75e-05,0.8714040451498352,0.01754932478070259,0.8592467618274475
40,0.016247475519776344,3.75e-05,0.8738089728162537,0.017571821808815002,0.8592881176619886
41,0.016762010753154755,3.75e-05,0.8695965338958506,0.017704421654343605,0.8590678604388801
42,0.016698863357305527,3.75e-05,0.8705338662878607,0.01764673739671707,0.8594229000064417
43,0.016346333548426628,1.875e-05,0.8726163296427442,0.017626911401748657,0.8593540725438035
44,0.016391057521104813,1.875e-05,0.8731208086792902,0.01760808378458023,0.8586282507746511
45,0.016734056174755096,1.875e-05,0.8705844255779595,0.017555957660079002,0.8581357409771554
46,0.016518471762537956,1.875e-05,0.8711765266670761,0.017664417624473572,0.8591295244118662
47,0.016604190692305565,9.375e-06,0.8710210343475852,0.017658928409218788,0.8589639577734077
48,0.01615721359848976,9.375e-06,0.8750401283204429,0.01762552559375763,0.8589865800486277
49,0.01623900793492794,9.375e-06,0.8738248705465933,0.017642689868807793,0.8588491093774409
