dataset,method,metric,n_images,n_seeds,mean,sd,ci_lo,ci_hi,n_boot,ci_method
Barley_CV,bsa,fg_iou,100,1,0.775750,0.054176,0.764964,0.785967,10000,percentile
Barley_CV,bsa,fg_f1,100,1,0.872655,0.035126,0.865487,0.879277,10000,percentile
Barley_CV,bsa,fg_precision,100,1,0.910623,0.050389,0.900627,0.920163,10000,percentile
Barley_CV,bsa,fg_recall,100,1,0.843251,0.065928,0.830089,0.855909,10000,percentile
Barley_CV,deeplabv3plus_resnet50,fg_iou,100,1,0.745218,0.063257,0.732900,0.757618,10000,percentile
Barley_CV,deeplabv3plus_resnet50,fg_f1,100,1,0.852480,0.042733,0.844057,0.860634,10000,percentile
Barley_CV,deeplabv3plus_resnet50,fg_precision,100,1,0.837531,0.054442,0.826784,0.847921,10000,percentile
Barley_CV,deeplabv3plus_resnet50,fg_recall,100,1,0.871812,0.058976,0.859749,0.882999,10000,percentile
Barley_CV,fcn_resnet50,fg_iou,100,1,0.667890,0.076258,0.652929,0.682452,10000,percentile
Barley_CV,fcn_resnet50,fg_f1,100,1,0.798288,0.057508,0.786584,0.809024,10000,percentile
Barley_CV,fcn_resnet50,fg_precision,100,1,0.791219,0.058978,0.779368,0.802663,10000,percentile
Barley_CV,fcn_resnet50,fg_recall,100,1,0.808864,0.074509,0.794049,0.822994,10000,percentile
Barley_CV,pspnet_resnet50,fg_iou,100,1,0.714204,0.132083,0.687027,0.738243,10000,percentile
Barley_CV,pspnet_resnet50,fg_f1,100,1,0.824336,0.118390,0.799463,0.845442,10000,percentile
Barley_CV,pspnet_resnet50,fg_precision,100,1,0.816094,0.126228,0.789726,0.838809,10000,percentile
Barley_CV,pspnet_resnet50,fg_recall,100,1,0.842505,0.114223,0.818592,0.862863,10000,percentile
Barley_CV,random_forest,fg_iou,100,1,0.674924,0.099627,0.655406,0.693873,10000,percentile
Barley_CV,random_forest,fg_f1,100,1,0.801454,0.076052,0.786606,0.815863,10000,percentile
Barley_CV,random_forest,fg_precision,100,1,0.752911,0.110673,0.730469,0.774207,10000,percentile
Barley_CV,random_forest,fg_recall,100,1,0.869654,0.065307,0.856764,0.882137,10000,percentile
Barley_CV,slic_rf,fg_iou,100,1,0.610425,0.119834,0.586814,0.633481,10000,percentile
Barley_CV,slic_rf,fg_f1,100,1,0.750592,0.102911,0.729571,0.769868,10000,percentile
Barley_CV,slic_rf,fg_precision,100,1,0.826540,0.070388,0.812372,0.840252,10000,percentile
Barley_CV,slic_rf,fg_recall,100,1,0.696188,0.127444,0.671061,0.720351,10000,percentile
Barley_CV,svm,fg_iou,100,1,0.240088,0.175596,0.206350,0.275267,10000,percentile
Barley_CV,svm,fg_f1,100,1,0.357390,0.215707,0.314963,0.399694,10000,percentile
Barley_CV,svm,fg_precision,100,1,0.249552,0.183719,0.215317,0.285693,10000,percentile
Barley_CV,svm,fg_recall,100,1,0.893506,0.067584,0.880298,0.906376,10000,percentile
